Description,Sentiment
Supportive and approachable management.,2
Opportunities for career growth and development.,2
Competitive salary and comprehensive benefits package.,1
Inclusive and diverse work environment.,2
Collaborative team culture encourages innovation.,2
Transparent communication from leadership.,1
Regular team-building events and social activities.,1
Strong focus on employee well-being and mental health.,2
Access to state-of-the-art tools and technology.,1
Encouragement for learning new skills and taking courses.,2
"Opportunities to work on exciting, high-impact projects.",2
Open-door policy fosters communication with senior leadership.,1
Performance-based bonuses and recognition programs.,1
Good job security with steady company growth.,2
Company values align well with employees' personal goals.,2
Strong mentorship programs for junior employees.,2
Frequent opportunities for international travel and exposure.,1
Great office space with modern amenities.,2
Employee input is valued and often implemented in decision-making.,2
Excellent diversity and inclusion initiatives.,2
Work-from-home options and remote-friendly policies.,1
Annual raises and promotions are merit-based.,1
Focus on innovation keeps the work exciting and dynamic.,2
The company is well-respected in the industry.,2
Office location is central but can be crowded at times.,1
The work pace can be slow during certain periods.,1
"Some roles require travel, which may or may not be desirable.",0
Training opportunities are available but can be sporadic.,1
Job roles can sometimes feel repetitive.,0
Technology used is adequate but could be more cutting-edge.,1
Some departments collaborate better than others.,2
Communication between departments is generally fine but could be improved.,2
"Job expectations are clear, though flexibility is limited.",1
Onboarding process is detailed but lengthy.,1
"Performance reviews happen regularly, but feedback can be vague.",1
The workload is manageable but fluctuates frequently.,1
"Management is fair, but decision-making can be slow.",1
"Office environment is functional, though a bit outdated.",2
Employee benefits are decent but not exceptional.,0
"Remote work is allowed, but on-site presence is sometimes required.",1
